{
    "src/addons/apathy/ActLong/addon.json": "4cfca5acdeddba4d4b2deb7cf9d749f5763c29ef418ef74edd2037ed573f09cc",
    "src/addons/apathy/ActLong/Cron/Activity.php": "82bcc2a87d4e8cbc61c7c01827eb21d48074434434c1c120c2b4d277e79edb2d",
    "src/addons/apathy/ActLong/icon.png": "9709e7d610b60bdfed27a0b0e38a4440703a945ea85bdef1b89227c12f32c2dd",
    "src/addons/apathy/ActLong/Listener.php": "731ec684435276c51537f6e39e444e62fc944a409344b0f6834c3b1fb084c199",
    "src/addons/apathy/ActLong/Setup.php": "c18c200111a506ebcbc32eb71523a81b4ce41f9f97025126163d5f644b62fff5",
    "src/addons/apathy/ActLong/XF/Entity/Post.php": "5c6c8bf48732d08d485f64893ca36ce3c20bf4d71463bad96f0e0150d5e3b4ef",
    "src/addons/apathy/ActLong/_data/activity_summary_definitions.xml": "99d8c2563a31320d66f958fc8bda78613545f5f7959bb3cf5318805e3a3c39d2",
    "src/addons/apathy/ActLong/_data/admin_navigation.xml": "064ec797484ac00d5ee37367b50b06846d11f480d00550997712707f8fdac8c0",
    "src/addons/apathy/ActLong/_data/admin_permission.xml": "ec6fb97cebf0bceb24f1ed1d5778c1db54eeb7535fbb3e31d824840e7aa9ff87",
    "src/addons/apathy/ActLong/_data/advertising_positions.xml": "d2f7cbe844bb1df3cf878d22ff6306249245c8ff6b0b87b9b729744bec538261",
    "src/addons/apathy/ActLong/_data/api_scopes.xml": "6793eaf758f140e8137187ba20e65f4faccf53410433ae3ad7a8b3b38cb6b3b7",
    "src/addons/apathy/ActLong/_data/bb_codes.xml": "faa4ddd5f4a365e5ac39aebdcbe2d25aedf74e7eb9ea4a812766e2fd5e13bdb1",
    "src/addons/apathy/ActLong/_data/bb_code_media_sites.xml": "29762987990187b33e43cfb68c08dc917b2d3f0176613d78f8e6c453f82da3f3",
    "src/addons/apathy/ActLong/_data/class_extensions.xml": "c71795cab73bc71a87e1371604ac20e3b74071cc418bc241a155920e322bfa34",
    "src/addons/apathy/ActLong/_data/code_events.xml": "8370dec3df47f91df4cf79da253446ad11b29f4ea568fe76c774e97a0379f0eb",
    "src/addons/apathy/ActLong/_data/code_event_listeners.xml": "d291a2b8b5714e305cd0e9fb40bebf0e8a2de2463a66a42c0ce863899c8ece7f",
    "src/addons/apathy/ActLong/_data/content_type_fields.xml": "c7ad5472b28f465b7ac7617627707eba1b7a39d28089460d52e1ed292fc0b06a",
    "src/addons/apathy/ActLong/_data/cron.xml": "81c1673856fd09c9ccf47ba35ead2d795373d71e5ba9c18b31571e95a2c1b445",
    "src/addons/apathy/ActLong/_data/help_pages.xml": "a8a0c0b06cdc550438bc8a8d385af3e1e5ab3459877dfb934c1c31be59c89163",
    "src/addons/apathy/ActLong/_data/member_stats.xml": "89fb2b93ff1eca7a1f6f752248edf6090dfd24037db1446fd18ff7143f08124d",
    "src/addons/apathy/ActLong/_data/navigation.xml": "f75e1c03a45a360bbdfcd0567121665082315068475d5b0feb8b1acbb1688651",
    "src/addons/apathy/ActLong/_data/options.xml": "b611fbd15e369d21f25fca2c05f5cd733b98e88b795a5caa4daec91ba9b8e7f3",
    "src/addons/apathy/ActLong/_data/option_groups.xml": "9a46cf21b006f0c71804e354d71e52a676ce6caa94a31be272fa02a7d27a60c7",
    "src/addons/apathy/ActLong/_data/permissions.xml": "7e4fc7d5826733d15ea2d8936b9bdd41afcaad810eb38e50da3c8d8eafda1550",
    "src/addons/apathy/ActLong/_data/permission_interface_groups.xml": "3177224e96458b829aa7fb24866dda9e0455a4922aee3d669b53f59a1ffdf5d1",
    "src/addons/apathy/ActLong/_data/phrases.xml": "e490f26fec5a37db20dede7d9789452b0825d0c31669aedf80e14fa2fde71810",
    "src/addons/apathy/ActLong/_data/routes.xml": "550fa64f9feedf137dd877b38c2684f94474619d2d83890dbb717a91b50da8f5",
    "src/addons/apathy/ActLong/_data/style_properties.xml": "8bff710d0c20baf65f12e1c1f92937d9994e6bd7de62e9a344342ac82fc88692",
    "src/addons/apathy/ActLong/_data/style_property_groups.xml": "5cedc376cac503f9f4ac7370d22212367f29e0cb4a506b88c16aab21de4a4058",
    "src/addons/apathy/ActLong/_data/templates.xml": "efc243b1f02108b2f176e5852e802a84cefdd5a9af426d4e3f34ad7688dfd308",
    "src/addons/apathy/ActLong/_data/template_modifications.xml": "c93d4c675b1891ccafc0b0fac782d9181fd0fe0c280de9c19ec0c575d026ffeb",
    "src/addons/apathy/ActLong/_data/widget_definitions.xml": "37e46965256430f24004c2e7f08ba08f9b0d1cbcc4d70e84b3f4e3ffb713e64b",
    "src/addons/apathy/ActLong/_data/widget_positions.xml": "a29cee66134f6bc5d75ed9df1eef21096c24401915c5b5c774389c3d7bb2d5b3"
}