<?xml version="1.0" encoding="utf-8"?>
<template_modifications>
  <modification type="public" template="member_view" modification_key="ap_add_actlong_meters_pr" description="Adds the activity &amp; longevity meters to profiles" execution_order="10" enabled="1" action="str_replace">
    <find><![CDATA[<xf:userblurb user="$user" tag="div" class="memberHeader-blurb" />]]></find>
    <replace><![CDATA[$0
<xf:if is="$xf.options.ap_actlong_show_profile">
	<xf:include template="ap_actlong_meters" />
</xf:if>]]></replace>
  </modification>
  <modification type="public" template="message_macros" modification_key="ap_add_actlong_meters_pbit" description="Adds the activity &amp; longevity meters to the postbit" execution_order="10" enabled="1" action="str_replace">
    <find><![CDATA[<xf:userbanners user="$user" tag="div" class="message-userBanner" itemprop="jobTitle" />]]></find>
    <replace><![CDATA[$0
<xf:if is="$xf.options.ap_actlong_show_postbit">
	<xf:include template="ap_actlong_meters" />
</xf:if>]]></replace>
  </modification>
  <modification type="public" template="thread_view" modification_key="ap_actlong_add_progressbar_css" description="Calls to the progress bar CSS" execution_order="10" enabled="1" action="preg_replace">
    <find><![CDATA[<xf:title(.*)>]]></find>
    <replace><![CDATA[$0
<xf:css src="ap_actlong_progress_bar.less" />]]></replace>
  </modification>
</template_modifications>
